trip_id,team,employee_id,departure_city,arrival_city,departure_date,return_date
1,Football,101,Paris,Madrid,2024-01-10,2024-01-12
2,Handball,102,Paris,Berlin,2024-01-15,2024-01-18
3,Football,103,Paris,London,2024-02-01,2024-02-03
4,Judo,104,Paris,Rome,2024-02-10,2024-02-12
5,Football,105,Paris,Barcelona,2024-03-05,2024-03-07